-- phpMyAdmin SQL Dump
-- version 5.2.1
-- https://www.phpmyadmin.net/
--
-- Servidor: localhost
-- Tiempo de generación: 13-05-2024 a las 18:10:13
-- Versión del servidor: 10.4.28-MariaDB
-- Versión de PHP: 8.2.4

SET SQL_MODE = "NO_AUTO_VALUE_ON_ZERO";
START TRANSACTION;
SET time_zone = "+00:00";


/*!40101 SET @OLD_CHARACTER_SET_CLIENT=@@CHARACTER_SET_CLIENT */;
/*!40101 SET @OLD_CHARACTER_SET_RESULTS=@@CHARACTER_SET_RESULTS */;
/*!40101 SET @OLD_COLLATION_CONNECTION=@@COLLATION_CONNECTION */;
/*!40101 SET NAMES utf8mb4 */;

--
-- Base de datos: `DesisCL`
--
CREATE DATABASE IF NOT EXISTS `DesisCL` DEFAULT CHARACTER SET utf8mb4 COLLATE utf8mb4_general_ci;
USE `DesisCL`;

-- --------------------------------------------------------

--
-- Estructura de tabla para la tabla `CANDIDATOS`
--

CREATE TABLE `CANDIDATOS` (
  `ID_CANDIDATO` int(3) NOT NULL,
  `ID_COMUNA` int(3) DEFAULT NULL,
  `NOMBRE` varchar(300) DEFAULT NULL
) ENGINE=InnoDB DEFAULT CHARSET=utf8mb4 COLLATE=utf8mb4_general_ci;

--
-- Volcado de datos para la tabla `CANDIDATOS`
--

INSERT INTO `CANDIDATOS` (`ID_CANDIDATO`, `ID_COMUNA`, `NOMBRE`) VALUES
(1, 1, 'Juan Garcia'),
(2, 1, 'Maria Martinez'),
(3, 2, 'Carlos Rodriguez'),
(4, 2, 'Ana Lopez'),
(5, 3, 'Luis Hernandez'),
(6, 3, 'Laura Diaz'),
(7, 4, 'Jose Perez'),
(8, 4, 'Andrea Sanchez'),
(9, 5, 'Miguel Lopez'),
(10, 5, 'Paula Gonzalez'),
(11, 6, 'Alejandro Ramirez'),
(12, 6, 'Sofia Martinez'),
(13, 7, 'David Rodriguez'),
(14, 7, 'Elena Fernandez'),
(15, 8, 'Gabriel Perez'),
(16, 8, 'Carmen Gonzalez'),
(17, 9, 'Daniel Lopez'),
(18, 9, 'Monica Hernandez'),
(19, 10, 'Pablo Martinez'),
(20, 10, 'Patricia Lopez'),
(21, 11, 'Manuel Gonzalez'),
(22, 11, 'Silvia Ramirez'),
(23, 12, 'Javier Fernandez'),
(24, 12, 'Rosa Martinez'),
(25, 13, 'Francisco Perez'),
(26, 13, 'Isabel Gonzalez'),
(27, 14, 'Diego Ramirez'),
(28, 14, 'Carolina Hernandez'),
(29, 15, 'Ricardo Martinez'),
(30, 15, 'Alejandra Lopez'),
(31, 16, 'Martin Gonzalez'),
(32, 16, 'Natalia Fernandez'),
(33, 17, 'Eduardo Ramirez'),
(34, 17, 'Victoria Martinez'),
(35, 18, 'Fernando Perez'),
(36, 18, 'Julia Lopez'),
(37, 19, 'Roberto Fernandez'),
(38, 19, 'Ines Hernandez'),
(39, 20, 'Arturo Martinez'),
(40, 20, 'Eva Ramirez'),
(41, 21, 'Hector Lopez'),
(42, 21, 'Gloria Gonzalez'),
(43, 22, 'Samuel Hernandez'),
(44, 22, 'Ana Martinez'),
(45, 23, 'Oscar Ramirez'),
(46, 23, 'Adriana Perez'),
(47, 24, 'Cesar Gonzalez'),
(48, 24, 'Clara Lopez'),
(49, 25, 'Pedro Hernandez'),
(50, 25, 'Luisa Ramirez'),
(51, 26, 'Raul Perez'),
(52, 26, 'Sara Martinez'),
(53, 27, 'Alberto Lopez'),
(54, 27, 'Beatriz Gonzalez'),
(55, 28, 'Diego Hernandez'),
(56, 28, 'Marina Perez'),
(57, 29, 'Enrique Ramirez'),
(58, 29, 'Laura Martinez'),
(59, 30, 'Miguel Gonzalez'),
(60, 30, 'Marta Lopez'),
(61, 31, 'Alejandro Perez'),
(62, 31, 'Cristina Ramirez'),
(63, 32, 'Javier Martinez'),
(64, 32, 'Alicia Gonzalez'),
(65, 33, 'Francisco Hernandez'),
(66, 33, 'Elena Perez'),
(67, 34, 'Manuel Ramirez'),
(68, 34, 'Ana Martinez'),
(69, 35, 'Antonio Gonzalez'),
(70, 35, 'Natalia Lopez'),
(71, 36, 'Carlos Hernandez'),
(72, 36, 'Isabel Perez'),
(73, 37, 'Juan Ramirez'),
(74, 37, 'Paula Martinez'),
(75, 38, 'Luis Gonzalez'),
(76, 38, 'Silvia Ramirez'),
(77, 39, 'Jose Hernandez'),
(78, 39, 'Rocio Perez'),
(79, 40, 'Miguel Martinez'),
(80, 40, 'Laura Gonzalez'),
(81, 41, 'Pablo Hernandez'),
(82, 41, 'Sofia Ramirez'),
(83, 42, 'David Perez'),
(84, 42, 'Carmen Lopez'),
(85, 43, 'Gabriel Ramirez'),
(86, 43, 'Carolina Martinez'),
(87, 44, 'Daniel Gonzalez'),
(88, 44, 'Patricia Ramirez'),
(89, 45, 'Manuel Lopez'),
(90, 45, 'Alejandra Hernandez'),
(91, 46, 'Martin Perez'),
(92, 46, 'Victoria Gonzalez'),
(93, 47, 'Eduardo Ramirez'),
(94, 47, 'Monica Martinez'),
(95, 48, 'Fernando Lopez'),
(96, 48, 'Ines Gonzalez'),
(97, 49, 'Roberto Ramirez'),
(98, 49, 'Julia Hernandez'),
(99, 50, 'Arturo Martinez'),
(100, 50, 'Eva Lopez'),
(101, 51, 'Hector Gonzalez'),
(102, 51, 'Gloria Ramirez'),
(103, 52, 'Samuel Martinez'),
(104, 52, 'Ana Gonzalez'),
(105, 53, 'Oscar Lopez'),
(106, 53, 'Adriana Hernandez'),
(107, 54, 'Cesar Ramirez'),
(108, 54, 'Clara Martinez'),
(109, 55, 'Pedro Gonzalez'),
(110, 55, 'Luisa Ramirez'),
(111, 56, 'Raul Hernandez'),
(112, 56, 'Sara Perez'),
(113, 57, 'Alberto Martinez'),
(114, 57, 'Beatriz Gonzalez'),
(115, 58, 'Diego Ramirez'),
(116, 58, 'Marina Lopez'),
(117, 59, 'Enrique Perez'),
(118, 59, 'Laura Hernandez'),
(119, 60, 'Miguel Ramirez'),
(120, 60, 'Marta Gonzalez'),
(121, 61, 'Alejandro Hernandez'),
(122, 61, 'Cristina Ramirez'),
(123, 62, 'Javier Gonzalez'),
(124, 62, 'Alicia Lopez'),
(125, 63, 'Francisco Ramirez'),
(126, 63, 'Elena Martinez'),
(127, 64, 'Manuel Gonzalez'),
(128, 64, 'Ana Perez'),
(129, 65, 'Antonio Hernandez'),
(130, 65, 'Natalia Ramirez'),
(131, 66, 'Carlos Martinez'),
(132, 66, 'Isabel Gonzalez'),
(133, 67, 'Juan Perez'),
(134, 67, 'Paula Lopez'),
(135, 68, 'Luis Ramirez'),
(136, 68, 'Silvia Hernandez'),
(137, 69, 'Jose Gonzalez'),
(138, 69, 'Rocio Ramirez'),
(139, 70, 'Miguel Martinez'),
(140, 70, 'Laura Gonzalez'),
(141, 71, 'Pablo Hernandez'),
(142, 71, 'Sofia Ramirez'),
(143, 72, 'David Perez'),
(144, 72, 'Carmen Lopez'),
(145, 73, 'Gabriel Ramirez'),
(146, 73, 'Carolina Martinez'),
(147, 74, 'Daniel Gonzalez'),
(148, 74, 'Patricia Ramirez'),
(149, 75, 'Manuel Lopez'),
(150, 75, 'Alejandra Hernandez'),
(151, 76, 'Martin Perez'),
(152, 76, 'Victoria Gonzalez'),
(153, 77, 'Eduardo Ramirez'),
(154, 77, 'Monica Martinez'),
(155, 78, 'Fernando Lopez'),
(156, 78, 'Ines Gonzalez'),
(157, 79, 'Roberto Ramirez'),
(158, 79, 'Julia Hernandez'),
(159, 80, 'Arturo Martinez'),
(160, 80, 'Eva Lopez'),
(161, 81, 'Hector Gonzalez'),
(162, 81, 'Gloria Ramirez'),
(163, 82, 'Samuel Martinez'),
(164, 82, 'Ana Gonzalez'),
(165, 83, 'Oscar Lopez'),
(166, 83, 'Adriana Hernandez'),
(167, 84, 'Cesar Ramirez'),
(168, 84, 'Clara Martinez'),
(169, 85, 'Pedro Gonzalez'),
(170, 85, 'Luisa Ramirez'),
(171, 86, 'Raul Hernandez'),
(172, 86, 'Sara Perez'),
(173, 87, 'Alberto Martinez'),
(174, 87, 'Beatriz Gonzalez'),
(175, 88, 'Diego Ramirez'),
(176, 88, 'Marina Lopez'),
(177, 89, 'Enrique Perez'),
(178, 89, 'Laura Hernandez'),
(179, 90, 'Miguel Ramirez'),
(180, 90, 'Marta Gonzalez'),
(181, 91, 'Alejandro Hernandez'),
(182, 91, 'Cristina Ramirez'),
(183, 92, 'Javier Gonzalez'),
(184, 92, 'Alicia Lopez'),
(185, 93, 'Francisco Ramirez'),
(186, 93, 'Elena Martinez'),
(187, 94, 'Manuel Gonzalez'),
(188, 94, 'Ana Perez'),
(189, 95, 'Antonio Hernandez'),
(190, 95, 'Natalia Ramirez'),
(191, 96, 'Carlos Martinez'),
(192, 96, 'Isabel Gonzalez'),
(193, 97, 'Juan Perez'),
(194, 97, 'Paula Lopez'),
(195, 98, 'Luis Ramirez'),
(196, 98, 'Silvia Hernandez'),
(197, 99, 'Jose Gonzalez'),
(198, 99, 'Rocio Ramirez'),
(199, 100, 'Miguel Martinez'),
(200, 100, 'Laura Gonzalez'),
(201, 101, 'Pablo Hernandez'),
(202, 101, 'Sofia Ramirez'),
(203, 102, 'David Perez'),
(204, 102, 'Carmen Lopez'),
(205, 103, 'Gabriel Ramirez'),
(206, 103, 'Carolina Martinez'),
(207, 104, 'Daniel Gonzalez'),
(208, 104, 'Patricia Ramirez'),
(209, 105, 'Manuel Lopez'),
(210, 105, 'Alejandra Hernandez'),
(211, 106, 'Martin Perez'),
(212, 106, 'Victoria Gonzalez'),
(213, 107, 'Eduardo Ramirez'),
(214, 107, 'Monica Martinez'),
(215, 108, 'Fernando Lopez'),
(216, 108, 'Ines Gonzalez'),
(217, 109, 'Roberto Ramirez'),
(218, 109, 'Julia Hernandez'),
(219, 110, 'Arturo Martinez'),
(220, 110, 'Eva Lopez'),
(221, 111, 'Hector Gonzalez'),
(222, 111, 'Gloria Ramirez'),
(223, 112, 'Samuel Martinez'),
(224, 112, 'Ana Gonzalez'),
(225, 113, 'Oscar Lopez'),
(226, 113, 'Adriana Hernandez'),
(227, 114, 'Cesar Ramirez'),
(228, 114, 'Clara Martinez'),
(229, 115, 'Pedro Gonzalez'),
(230, 115, 'Luisa Ramirez'),
(231, 116, 'Raul Hernandez'),
(232, 116, 'Sara Perez'),
(233, 117, 'Alberto Martinez'),
(234, 117, 'Beatriz Gonzalez'),
(235, 118, 'Diego Ramirez'),
(236, 118, 'Marina Lopez'),
(237, 119, 'Enrique Perez'),
(238, 119, 'Laura Hernandez'),
(239, 120, 'Miguel Ramirez'),
(240, 120, 'Marta Gonzalez'),
(241, 121, 'Alejandro Hernandez'),
(242, 121, 'Cristina Ramirez'),
(243, 122, 'Javier Gonzalez'),
(244, 122, 'Alicia Lopez'),
(245, 123, 'Francisco Ramirez'),
(246, 123, 'Elena Martinez'),
(247, 124, 'Manuel Gonzalez'),
(248, 124, 'Ana Perez'),
(249, 125, 'Antonio Hernandez'),
(250, 125, 'Natalia Ramirez'),
(251, 126, 'Carlos Martinez'),
(252, 126, 'Isabel Gonzalez'),
(253, 127, 'Juan Perez'),
(254, 127, 'Paula Lopez'),
(255, 128, 'Luis Ramirez'),
(256, 128, 'Silvia Hernandez'),
(257, 129, 'Jose Gonzalez'),
(258, 129, 'Rocio Ramirez'),
(259, 130, 'Miguel Martinez'),
(260, 130, 'Laura Gonzalez'),
(261, 131, 'Pablo Hernandez'),
(262, 131, 'Sofia Ramirez'),
(263, 132, 'David Perez'),
(264, 132, 'Carmen Lopez'),
(265, 133, 'Gabriel Ramirez'),
(266, 133, 'Carolina Martinez'),
(267, 134, 'Daniel Gonzalez'),
(268, 134, 'Patricia Ramirez'),
(269, 135, 'Manuel Lopez'),
(270, 135, 'Alejandra Hernandez'),
(271, 136, 'Martin Perez'),
(272, 136, 'Victoria Gonzalez'),
(273, 137, 'Eduardo Ramirez'),
(274, 137, 'Monica Martinez'),
(275, 138, 'Fernando Lopez'),
(276, 138, 'Ines Gonzalez'),
(277, 139, 'Roberto Ramirez'),
(278, 139, 'Julia Hernandez'),
(279, 140, 'Arturo Martinez'),
(280, 140, 'Eva Lopez'),
(281, 141, 'Hector Gonzalez'),
(282, 141, 'Gloria Ramirez'),
(283, 142, 'Samuel Martinez'),
(284, 142, 'Ana Gonzalez'),
(285, 143, 'Oscar Lopez'),
(286, 143, 'Adriana Hernandez'),
(287, 144, 'Cesar Ramirez'),
(288, 144, 'Clara Martinez'),
(289, 145, 'Pedro Gonzalez'),
(290, 145, 'Luisa Ramirez'),
(291, 146, 'Raul Hernandez'),
(292, 146, 'Sara Perez'),
(293, 147, 'Alberto Martinez'),
(294, 147, 'Beatriz Gonzalez'),
(295, 148, 'Diego Ramirez'),
(296, 148, 'Marina Lopez'),
(297, 149, 'Enrique Perez'),
(298, 149, 'Laura Hernandez'),
(299, 150, 'Miguel Ramirez'),
(300, 150, 'Marta Gonzalez'),
(301, 151, 'Alejandro Hernandez'),
(302, 151, 'Cristina Ramirez'),
(303, 152, 'Javier Gonzalez'),
(304, 152, 'Alicia Lopez'),
(305, 153, 'Francisco Ramirez'),
(306, 153, 'Elena Martinez'),
(307, 154, 'Manuel Gonzalez'),
(308, 154, 'Ana Perez'),
(309, 155, 'Antonio Hernandez'),
(310, 155, 'Natalia Ramirez'),
(311, 156, 'Carlos Martinez'),
(312, 156, 'Isabel Gonzalez'),
(313, 157, 'Juan Perez'),
(314, 157, 'Paula Lopez'),
(315, 158, 'Luis Ramirez'),
(316, 158, 'Silvia Hernandez'),
(317, 159, 'Jose Gonzalez'),
(318, 159, 'Rocio Ramirez'),
(319, 160, 'Miguel Martinez'),
(320, 160, 'Laura Gonzalez'),
(321, 161, 'Pablo Hernandez'),
(322, 161, 'Sofia Ramirez'),
(323, 162, 'David Perez'),
(324, 162, 'Carmen Lopez'),
(325, 163, 'Gabriel Ramirez'),
(326, 163, 'Carolina Martinez'),
(327, 164, 'Daniel Gonzalez'),
(328, 164, 'Patricia Ramirez'),
(329, 165, 'Manuel Lopez'),
(330, 165, 'Alejandra Hernandez'),
(331, 166, 'Martin Perez'),
(332, 166, 'Victoria Gonzalez'),
(333, 167, 'Eduardo Ramirez'),
(334, 167, 'Monica Martinez'),
(335, 168, 'Fernando Lopez'),
(336, 168, 'Ines Gonzalez'),
(337, 169, 'Roberto Ramirez'),
(338, 169, 'Julia Hernandez'),
(339, 170, 'Arturo Martinez'),
(340, 170, 'Eva Lopez'),
(341, 171, 'Hector Gonzalez'),
(342, 171, 'Gloria Ramirez'),
(343, 172, 'Samuel Martinez'),
(344, 172, 'Ana Gonzalez'),
(345, 173, 'Oscar Lopez'),
(346, 173, 'Adriana Hernandez'),
(347, 174, 'Cesar Ramirez'),
(348, 174, 'Clara Martinez'),
(349, 175, 'Pedro Gonzalez'),
(350, 175, 'Luisa Ramirez'),
(351, 176, 'Raul Hernandez'),
(352, 176, 'Sara Perez'),
(353, 177, 'Alberto Martinez'),
(354, 177, 'Beatriz Gonzalez'),
(355, 178, 'Diego Ramirez'),
(356, 178, 'Marina Lopez'),
(357, 179, 'Enrique Perez'),
(358, 179, 'Laura Hernandez'),
(359, 180, 'Miguel Ramirez'),
(360, 180, 'Marta Gonzalez'),
(361, 181, 'Alejandro Hernandez'),
(362, 181, 'Cristina Ramirez'),
(363, 182, 'Javier Gonzalez'),
(364, 182, 'Alicia Lopez'),
(365, 183, 'Francisco Ramirez'),
(366, 183, 'Elena Martinez'),
(367, 184, 'Manuel Gonzalez'),
(368, 184, 'Ana Perez'),
(369, 185, 'Antonio Hernandez'),
(370, 185, 'Natalia Ramirez'),
(371, 186, 'Carlos Martinez'),
(372, 186, 'Isabel Gonzalez'),
(373, 187, 'Juan Perez'),
(374, 187, 'Paula Lopez'),
(375, 188, 'Luis Ramirez'),
(376, 188, 'Silvia Hernandez'),
(377, 189, 'Jose Gonzalez'),
(378, 189, 'Rocio Ramirez'),
(379, 190, 'Miguel Martinez'),
(380, 190, 'Laura Gonzalez'),
(381, 191, 'Pablo Hernandez'),
(382, 191, 'Sofia Ramirez'),
(383, 192, 'David Perez'),
(384, 192, 'Carmen Lopez'),
(385, 193, 'Gabriel Ramirez'),
(386, 193, 'Carolina Martinez'),
(387, 194, 'Daniel Gonzalez'),
(388, 194, 'Patricia Ramirez'),
(389, 195, 'Manuel Lopez'),
(390, 195, 'Alejandra Hernandez'),
(391, 196, 'Martin Perez'),
(392, 196, 'Victoria Gonzalez'),
(393, 197, 'Eduardo Ramirez'),
(394, 197, 'Monica Martinez'),
(395, 198, 'Fernando Lopez'),
(396, 198, 'Ines Gonzalez'),
(397, 199, 'Roberto Ramirez'),
(398, 199, 'Julia Hernandez'),
(399, 200, 'Arturo Martinez'),
(400, 200, 'Eva Lopez'),
(401, 201, 'Hector Gonzalez'),
(402, 201, 'Gloria Ramirez'),
(403, 202, 'Samuel Martinez'),
(404, 202, 'Ana Gonzalez'),
(405, 203, 'Oscar Lopez'),
(406, 203, 'Adriana Hernandez'),
(407, 204, 'Cesar Ramirez'),
(408, 204, 'Clara Martinez'),
(409, 205, 'Pedro Gonzalez'),
(410, 205, 'Luisa Ramirez'),
(411, 206, 'Raul Hernandez'),
(412, 206, 'Sara Perez'),
(413, 207, 'Alberto Martinez'),
(414, 207, 'Beatriz Gonzalez'),
(415, 208, 'Diego Ramirez'),
(416, 208, 'Marina Lopez'),
(417, 209, 'Enrique Perez'),
(418, 209, 'Laura Hernandez'),
(419, 210, 'Miguel Ramirez'),
(420, 210, 'Marta Gonzalez'),
(421, 211, 'Alejandro Hernandez'),
(422, 211, 'Cristina Ramirez'),
(423, 212, 'Javier Gonzalez'),
(424, 212, 'Alicia Lopez'),
(425, 213, 'Francisco Ramirez'),
(426, 213, 'Elena Martinez'),
(427, 214, 'Manuel Gonzalez'),
(428, 214, 'Ana Perez'),
(429, 215, 'Antonio Hernandez'),
(430, 215, 'Natalia Ramirez'),
(431, 216, 'Carlos Martinez'),
(432, 216, 'Isabel Gonzalez'),
(433, 217, 'Juan Perez'),
(434, 217, 'Paula Lopez'),
(435, 218, 'Luis Ramirez'),
(436, 218, 'Silvia Hernandez'),
(437, 219, 'Jose Gonzalez'),
(438, 219, 'Rocio Ramirez'),
(439, 220, 'Miguel Martinez'),
(440, 220, 'Laura Gonzalez'),
(441, 221, 'Pablo Hernandez'),
(442, 221, 'Sofia Ramirez'),
(443, 222, 'David Perez'),
(444, 222, 'Carmen Lopez'),
(445, 223, 'Gabriel Ramirez'),
(446, 223, 'Carolina Martinez'),
(447, 224, 'Daniel Gonzalez'),
(448, 224, 'Patricia Ramirez'),
(449, 225, 'Manuel Lopez'),
(450, 225, 'Alejandra Hernandez'),
(451, 226, 'Martin Perez'),
(452, 226, 'Victoria Gonzalez'),
(453, 227, 'Eduardo Ramirez'),
(454, 227, 'Monica Martinez'),
(455, 228, 'Fernando Lopez'),
(456, 228, 'Ines Gonzalez'),
(457, 229, 'Roberto Ramirez'),
(458, 229, 'Julia Hernandez'),
(459, 230, 'Arturo Martinez'),
(460, 230, 'Eva Lopez'),
(461, 231, 'Hector Gonzalez'),
(462, 231, 'Gloria Ramirez'),
(463, 232, 'Samuel Martinez'),
(464, 232, 'Ana Gonzalez'),
(465, 233, 'Oscar Lopez'),
(466, 233, 'Adriana Hernandez'),
(467, 234, 'Cesar Ramirez'),
(468, 234, 'Clara Martinez'),
(469, 235, 'Pedro Gonzalez'),
(470, 235, 'Luisa Ramirez'),
(471, 236, 'Raul Hernandez'),
(472, 236, 'Sara Perez'),
(473, 237, 'Alberto Martinez'),
(474, 237, 'Beatriz Gonzalez'),
(475, 238, 'Diego Ramirez'),
(476, 238, 'Marina Lopez'),
(477, 239, 'Enrique Perez'),
(478, 239, 'Laura Hernandez'),
(479, 240, 'Miguel Ramirez'),
(480, 240, 'Marta Gonzalez'),
(481, 241, 'Alejandro Hernandez'),
(482, 241, 'Cristina Ramirez'),
(483, 242, 'Javier Gonzalez'),
(484, 242, 'Alicia Lopez'),
(485, 243, 'Francisco Ramirez'),
(486, 243, 'Elena Martinez'),
(487, 244, 'Manuel Gonzalez'),
(488, 244, 'Ana Perez'),
(489, 245, 'Antonio Hernandez'),
(490, 245, 'Natalia Ramirez'),
(491, 246, 'Carlos Martinez'),
(492, 246, 'Isabel Gonzalez'),
(493, 247, 'Juan Perez'),
(494, 247, 'Paula Lopez'),
(495, 248, 'Luis Ramirez'),
(496, 248, 'Silvia Hernandez'),
(497, 249, 'Jose Gonzalez'),
(498, 249, 'Rocio Ramirez'),
(499, 250, 'Miguel Martinez'),
(500, 250, 'Laura Gonzalez'),
(501, 251, 'Pablo Hernandez'),
(502, 251, 'Sofia Ramirez'),
(503, 252, 'David Perez'),
(504, 252, 'Carmen Lopez'),
(505, 253, 'Gabriel Ramirez'),
(506, 253, 'Carolina Martinez'),
(507, 254, 'Daniel Gonzalez'),
(508, 254, 'Patricia Ramirez'),
(509, 255, 'Manuel Lopez'),
(510, 255, 'Alejandra Hernandez'),
(511, 256, 'Martin Perez'),
(512, 256, 'Victoria Gonzalez'),
(513, 257, 'Eduardo Ramirez'),
(514, 257, 'Monica Martinez'),
(515, 258, 'Fernando Lopez'),
(516, 258, 'Ines Gonzalez'),
(517, 259, 'Roberto Ramirez'),
(518, 259, 'Julia Hernandez'),
(519, 260, 'Arturo Martinez'),
(520, 260, 'Eva Lopez'),
(521, 261, 'Hector Gonzalez'),
(522, 261, 'Gloria Ramirez'),
(523, 262, 'Samuel Martinez'),
(524, 262, 'Ana Gonzalez'),
(525, 263, 'Oscar Lopez'),
(526, 263, 'Adriana Hernandez'),
(527, 264, 'Cesar Ramirez'),
(528, 264, 'Clara Martinez'),
(529, 265, 'Pedro Gonzalez'),
(530, 265, 'Luisa Ramirez'),
(531, 266, 'Raul Hernandez'),
(532, 266, 'Sara Perez'),
(533, 267, 'Alberto Martinez'),
(534, 267, 'Beatriz Gonzalez'),
(535, 268, 'Diego Ramirez'),
(536, 268, 'Marina Lopez'),
(537, 269, 'Enrique Perez'),
(538, 269, 'Laura Hernandez'),
(539, 270, 'Miguel Ramirez'),
(540, 270, 'Marta Gonzalez'),
(541, 271, 'Alejandro Hernandez'),
(542, 271, 'Cristina Ramirez'),
(543, 272, 'Javier Gonzalez'),
(544, 272, 'Alicia Lopez'),
(545, 273, 'Francisco Ramirez'),
(546, 273, 'Elena Martinez'),
(547, 274, 'Manuel Gonzalez'),
(548, 274, 'Ana Perez'),
(549, 275, 'Antonio Hernandez'),
(550, 275, 'Natalia Ramirez'),
(551, 276, 'Carlos Martinez'),
(552, 276, 'Isabel Gonzalez'),
(553, 277, 'Juan Perez'),
(554, 277, 'Paula Lopez'),
(555, 278, 'Luis Ramirez'),
(556, 278, 'Silvia Hernandez'),
(557, 279, 'Jose Gonzalez'),
(558, 279, 'Rocio Ramirez'),
(559, 280, 'Miguel Martinez'),
(560, 280, 'Laura Gonzalez'),
(561, 281, 'Pablo Hernandez'),
(562, 281, 'Sofia Ramirez'),
(563, 282, 'David Perez'),
(564, 282, 'Carmen Lopez'),
(565, 283, 'Gabriel Ramirez'),
(566, 283, 'Carolina Martinez'),
(567, 284, 'Daniel Gonzalez'),
(568, 284, 'Patricia Ramirez'),
(569, 285, 'Manuel Lopez'),
(570, 285, 'Alejandra Hernandez'),
(571, 286, 'Martin Perez'),
(572, 286, 'Victoria Gonzalez'),
(573, 287, 'Eduardo Ramirez'),
(574, 287, 'Monica Martinez'),
(575, 288, 'Fernando Lopez'),
(576, 288, 'Ines Gonzalez'),
(577, 289, 'Roberto Ramirez'),
(578, 289, 'Julia Hernandez'),
(579, 290, 'Arturo Martinez'),
(580, 290, 'Eva Lopez'),
(581, 291, 'Hector Gonzalez'),
(582, 291, 'Gloria Ramirez'),
(583, 292, 'Samuel Martinez'),
(584, 292, 'Ana Gonzalez'),
(585, 293, 'Oscar Lopez'),
(586, 293, 'Adriana Hernandez'),
(587, 294, 'Cesar Ramirez'),
(588, 294, 'Clara Martinez'),
(589, 295, 'Pedro Gonzalez'),
(590, 295, 'Luisa Ramirez'),
(591, 296, 'Raul Hernandez'),
(592, 296, 'Sara Perez'),
(593, 297, 'Alberto Martinez'),
(594, 297, 'Beatriz Gonzalez'),
(595, 298, 'Diego Ramirez'),
(596, 298, 'Marina Lopez'),
(597, 299, 'Enrique Perez'),
(598, 299, 'Laura Hernandez'),
(599, 300, 'Miguel Ramirez'),
(600, 300, 'Marta Gonzalez'),
(601, 301, 'Alejandro Hernandez'),
(602, 301, 'Cristina Ramirez'),
(603, 302, 'Javier Gonzalez'),
(604, 302, 'Alicia Lopez'),
(605, 303, 'Francisco Ramirez'),
(606, 303, 'Elena Martinez'),
(607, 304, 'Manuel Gonzalez'),
(608, 304, 'Ana Perez'),
(609, 305, 'Antonio Hernandez'),
(610, 305, 'Natalia Ramirez'),
(611, 306, 'Carlos Martinez'),
(612, 306, 'Isabel Gonzalez'),
(613, 307, 'Juan Perez'),
(614, 307, 'Paula Lopez'),
(615, 308, 'Luis Ramirez'),
(616, 308, 'Silvia Hernandez'),
(617, 309, 'Jose Gonzalez'),
(618, 309, 'Rocio Ramirez'),
(619, 310, 'Miguel Martinez'),
(620, 310, 'Laura Gonzalez'),
(621, 311, 'Pablo Hernandez'),
(622, 311, 'Sofia Ramirez'),
(623, 312, 'David Perez'),
(624, 312, 'Carmen Lopez'),
(625, 313, 'Gabriel Ramirez'),
(626, 313, 'Carolina Martinez'),
(627, 314, 'Daniel Gonzalez'),
(628, 314, 'Patricia Ramirez'),
(629, 315, 'Manuel Lopez'),
(630, 315, 'Alejandra Hernandez'),
(631, 316, 'Martin Perez'),
(632, 316, 'Victoria Gonzalez'),
(633, 317, 'Eduardo Ramirez'),
(634, 317, 'Monica Martinez'),
(635, 318, 'Fernando Lopez'),
(636, 318, 'Ines Gonzalez'),
(637, 319, 'Roberto Ramirez'),
(638, 319, 'Julia Hernandez'),
(639, 320, 'Arturo Martinez'),
(640, 320, 'Eva Lopez'),
(641, 321, 'Hector Gonzalez'),
(642, 321, 'Gloria Ramirez'),
(643, 322, 'Samuel Martinez'),
(644, 322, 'Ana Gonzalez'),
(645, 323, 'Oscar Lopez'),
(646, 323, 'Adriana Hernandez'),
(647, 324, 'Cesar Ramirez'),
(648, 324, 'Clara Martinez'),
(649, 325, 'Pedro Gonzalez'),
(650, 325, 'Luisa Ramirez'),
(651, 326, 'Raul Hernandez'),
(652, 326, 'Sara Perez'),
(653, 327, 'Alberto Martinez'),
(654, 327, 'Beatriz Gonzalez'),
(655, 328, 'Diego Ramirez'),
(656, 328, 'Marina Lopez'),
(657, 329, 'Enrique Perez'),
(658, 329, 'Laura Hernandez'),
(659, 330, 'Miguel Ramirez'),
(660, 330, 'Marta Gonzalez'),
(661, 331, 'Alejandro Hernandez'),
(662, 331, 'Cristina Ramirez'),
(663, 332, 'Javier Gonzalez'),
(664, 332, 'Alicia Lopez'),
(665, 333, 'Francisco Ramirez'),
(666, 333, 'Elena Martinez'),
(667, 334, 'Manuel Gonzalez'),
(668, 334, 'Ana Perez'),
(669, 335, 'Antonio Hernandez'),
(670, 335, 'Natalia Ramirez'),
(671, 336, 'Carlos Martinez'),
(672, 336, 'Isabel Gonzalez'),
(673, 337, 'Juan Perez'),
(674, 337, 'Paula Lopez'),
(675, 338, 'Luis Ramirez'),
(676, 338, 'Silvia Hernandez'),
(677, 339, 'Jose Gonzalez'),
(678, 339, 'Rocio Ramirez'),
(679, 340, 'Miguel Martinez'),
(680, 340, 'Laura Gonzalez'),
(681, 341, 'Pablo Hernandez'),
(682, 341, 'Sofia Ramirez'),
(683, 342, 'David Perez'),
(684, 342, 'Carmen Lopez'),
(685, 343, 'Gabriel Ramirez'),
(686, 343, 'Carolina Martinez'),
(687, 344, 'Daniel Gonzalez'),
(688, 344, 'Patricia Ramirez'),
(689, 345, 'Manuel Lopez'),
(690, 345, 'Alejandra Hernandez');

-- --------------------------------------------------------

--
-- Estructura de tabla para la tabla `comunas`
--

CREATE TABLE `comunas` (
  `ID_COMUNA` int(11) NOT NULL,
  `COMUNA_NOMBRE` varchar(64) NOT NULL,
  `ID_PROVINCIA` int(11) NOT NULL
) ENGINE=MyISAM DEFAULT CHARSET=utf8 COLLATE=utf8_general_ci;

--
-- Volcado de datos para la tabla `comunas`
--

INSERT INTO `comunas` (`ID_COMUNA`, `COMUNA_NOMBRE`, `ID_PROVINCIA`) VALUES
(1, 'Arica', 1),
(2, 'Camarones', 1),
(3, 'General Lagos', 2),
(4, 'Putre', 2),
(5, 'Alto Hospicio', 3),
(6, 'Iquique', 3),
(7, 'Camiña', 4),
(8, 'Colchane', 4),
(9, 'Huara', 4),
(10, 'Pica', 4),
(11, 'Pozo Almonte', 4),
(12, 'Antofagasta', 5),
(13, 'Mejillones', 5),
(14, 'Sierra Gorda', 5),
(15, 'Taltal', 5),
(16, 'Calama', 6),
(17, 'Ollague', 6),
(18, 'San Pedro de Atacama', 6),
(19, 'María Elena', 7),
(20, 'Tocopilla', 7),
(21, 'Chañaral', 8),
(22, 'Diego de Almagro', 8),
(23, 'Caldera', 9),
(24, 'Copiapó', 9),
(25, 'Tierra Amarilla', 9),
(26, 'Alto del Carmen', 10),
(27, 'Freirina', 10),
(28, 'Huasco', 10),
(29, 'Vallenar', 10),
(30, 'Canela', 11),
(31, 'Illapel', 11),
(32, 'Los Vilos', 11),
(33, 'Salamanca', 11),
(34, 'Andacollo', 12),
(35, 'Coquimbo', 12),
(36, 'La Higuera', 12),
(37, 'La Serena', 12),
(38, 'Paihuaco', 12),
(39, 'Vicuña', 12),
(40, 'Combarbalá', 13),
(41, 'Monte Patria', 13),
(42, 'Ovalle', 13),
(43, 'Punitaqui', 13),
(44, 'Río Hurtado', 13),
(45, 'Isla de Pascua', 14),
(46, 'Calle Larga', 15),
(47, 'Los Andes', 15),
(48, 'Rinconada', 15),
(49, 'San Esteban', 15),
(50, 'La Ligua', 16),
(51, 'Papudo', 16),
(52, 'Petorca', 16),
(53, 'Zapallar', 16),
(54, 'Hijuelas', 17),
(55, 'La Calera', 17),
(56, 'La Cruz', 17),
(57, 'Limache', 17),
(58, 'Nogales', 17),
(59, 'Olmué', 17),
(60, 'Quillota', 17),
(61, 'Algarrobo', 18),
(62, 'Cartagena', 18),
(63, 'El Quisco', 18),
(64, 'El Tabo', 18),
(65, 'San Antonio', 18),
(66, 'Santo Domingo', 18),
(67, 'Catemu', 19),
(68, 'Llaillay', 19),
(69, 'Panquehue', 19),
(70, 'Putaendo', 19),
(71, 'San Felipe', 19),
(72, 'Santa María', 19),
(73, 'Casablanca', 20),
(74, 'Concón', 20),
(75, 'Juan Fernández', 20),
(76, 'Puchuncaví', 20),
(77, 'Quilpué', 20),
(78, 'Quintero', 20),
(79, 'Valparaíso', 20),
(80, 'Villa Alemana', 20),
(81, 'Viña del Mar', 20),
(82, 'Colina', 21),
(83, 'Lampa', 21),
(84, 'Tiltil', 21),
(85, 'Pirque', 22),
(86, 'Puente Alto', 22),
(87, 'San José de Maipo', 22),
(88, 'Buin', 23),
(89, 'Calera de Tango', 23),
(90, 'Paine', 23),
(91, 'San Bernardo', 23),
(92, 'Alhué', 24),
(93, 'Curacaví', 24),
(94, 'María Pinto', 24),
(95, 'Melipilla', 24),
(96, 'San Pedro', 24),
(97, 'Cerrillos', 25),
(98, 'Cerro Navia', 25),
(99, 'Conchalí', 25),
(100, 'El Bosque', 25),
(101, 'Estación Central', 25),
(102, 'Huechuraba', 25),
(103, 'Independencia', 25),
(104, 'La Cisterna', 25),
(105, 'La Granja', 25),
(106, 'La Florida', 25),
(107, 'La Pintana', 25),
(108, 'La Reina', 25),
(109, 'Las Condes', 25),
(110, 'Lo Barnechea', 25),
(111, 'Lo Espejo', 25),
(112, 'Lo Prado', 25),
(113, 'Macul', 25),
(114, 'Maipú', 25),
(115, 'Ñuñoa', 25),
(116, 'Pedro Aguirre Cerda', 25),
(117, 'Peñalolén', 25),
(118, 'Providencia', 25),
(119, 'Pudahuel', 25),
(120, 'Quilicura', 25),
(121, 'Quinta Normal', 25),
(122, 'Recoleta', 25),
(123, 'Renca', 25),
(124, 'San Miguel', 25),
(125, 'San Joaquín', 25),
(126, 'San Ramón', 25),
(127, 'Santiago', 25),
(128, 'Vitacura', 25),
(129, 'El Monte', 26),
(130, 'Isla de Maipo', 26),
(131, 'Padre Hurtado', 26),
(132, 'Peñaflor', 26),
(133, 'Talagante', 26),
(134, 'Codegua', 27),
(135, 'Coínco', 27),
(136, 'Coltauco', 27),
(137, 'Doñihue', 27),
(138, 'Graneros', 27),
(139, 'Las Cabras', 27),
(140, 'Machalí', 27),
(141, 'Malloa', 27),
(142, 'Mostazal', 27),
(143, 'Olivar', 27),
(144, 'Peumo', 27),
(145, 'Pichidegua', 27),
(146, 'Quinta de Tilcoco', 27),
(147, 'Rancagua', 27),
(148, 'Rengo', 27),
(149, 'Requínoa', 27),
(150, 'San Vicente de Tagua Tagua', 27),
(151, 'La Estrella', 28),
(152, 'Litueche', 28),
(153, 'Marchihue', 28),
(154, 'Navidad', 28),
(155, 'Peredones', 28),
(156, 'Pichilemu', 28),
(157, 'Chépica', 29),
(158, 'Chimbarongo', 29),
(159, 'Lolol', 29),
(160, 'Nancagua', 29),
(161, 'Palmilla', 29),
(162, 'Peralillo', 29),
(163, 'Placilla', 29),
(164, 'Pumanque', 29),
(165, 'San Fernando', 29),
(166, 'Santa Cruz', 29),
(167, 'Cauquenes', 30),
(168, 'Chanco', 30),
(169, 'Pelluhue', 30),
(170, 'Curicó', 31),
(171, 'Hualañé', 31),
(172, 'Licantén', 31),
(173, 'Molina', 31),
(174, 'Rauco', 31),
(175, 'Romeral', 31),
(176, 'Sagrada Familia', 31),
(177, 'Teno', 31),
(178, 'Vichuquén', 31),
(179, 'Colbún', 32),
(180, 'Linares', 32),
(181, 'Longaví', 32),
(182, 'Parral', 32),
(183, 'Retiro', 32),
(184, 'San Javier', 32),
(185, 'Villa Alegre', 32),
(186, 'Yerbas Buenas', 32),
(187, 'Constitución', 33),
(188, 'Curepto', 33),
(189, 'Empedrado', 33),
(190, 'Maule', 33),
(191, 'Pelarco', 33),
(192, 'Pencahue', 33),
(193, 'Río Claro', 33),
(194, 'San Clemente', 33),
(195, 'San Rafael', 33),
(196, 'Talca', 33),
(197, 'Arauco', 34),
(198, 'Cañete', 34),
(199, 'Contulmo', 34),
(200, 'Curanilahue', 34),
(201, 'Lebu', 34),
(202, 'Los Álamos', 34),
(203, 'Tirúa', 34),
(204, 'Alto Biobío', 35),
(205, 'Antuco', 35),
(206, 'Cabrero', 35),
(207, 'Laja', 35),
(208, 'Los Ángeles', 35),
(209, 'Mulchén', 35),
(210, 'Nacimiento', 35),
(211, 'Negrete', 35),
(212, 'Quilaco', 35),
(213, 'Quilleco', 35),
(214, 'San Rosendo', 35),
(215, 'Santa Bárbara', 35),
(216, 'Tucapel', 35),
(217, 'Yumbel', 35),
(218, 'Chiguayante', 36),
(219, 'Concepción', 36),
(220, 'Coronel', 36),
(221, 'Florida', 36),
(222, 'Hualpén', 36),
(223, 'Hualqui', 36),
(224, 'Lota', 36),
(225, 'Penco', 36),
(226, 'San Pedro de La Paz', 36),
(227, 'Santa Juana', 36),
(228, 'Talcahuano', 36),
(229, 'Tomé', 36),
(230, 'Bulnes', 37),
(231, 'Chillán', 37),
(232, 'Chillán Viejo', 37),
(233, 'Cobquecura', 37),
(234, 'Coelemu', 37),
(235, 'Coihueco', 37),
(236, 'El Carmen', 37),
(237, 'Ninhue', 37),
(238, 'Ñiquen', 37),
(239, 'Pemuco', 37),
(240, 'Pinto', 37),
(241, 'Portezuelo', 37),
(242, 'Quillón', 37),
(243, 'Quirihue', 37),
(244, 'Ránquil', 37),
(245, 'San Carlos', 37),
(246, 'San Fabián', 37),
(247, 'San Ignacio', 37),
(248, 'San Nicolás', 37),
(249, 'Treguaco', 37),
(250, 'Yungay', 37),
(251, 'Carahue', 38),
(252, 'Cholchol', 38),
(253, 'Cunco', 38),
(254, 'Curarrehue', 38),
(255, 'Freire', 38),
(256, 'Galvarino', 38),
(257, 'Gorbea', 38),
(258, 'Lautaro', 38),
(259, 'Loncoche', 38),
(260, 'Melipeuco', 38),
(261, 'Nueva Imperial', 38),
(262, 'Padre Las Casas', 38),
(263, 'Perquenco', 38),
(264, 'Pitrufquén', 38),
(265, 'Pucón', 38),
(266, 'Saavedra', 38),
(267, 'Temuco', 38),
(268, 'Teodoro Schmidt', 38),
(269, 'Toltén', 38),
(270, 'Vilcún', 38),
(271, 'Villarrica', 38),
(272, 'Angol', 39),
(273, 'Collipulli', 39),
(274, 'Curacautín', 39),
(275, 'Ercilla', 39),
(276, 'Lonquimay', 39),
(277, 'Los Sauces', 39),
(278, 'Lumaco', 39),
(279, 'Purén', 39),
(280, 'Renaico', 39),
(281, 'Traiguén', 39),
(282, 'Victoria', 39),
(283, 'Corral', 40),
(284, 'Lanco', 40),
(285, 'Los Lagos', 40),
(286, 'Máfil', 40),
(287, 'Mariquina', 40),
(288, 'Paillaco', 40),
(289, 'Panguipulli', 40),
(290, 'Valdivia', 40),
(291, 'Futrono', 41),
(292, 'La Unión', 41),
(293, 'Lago Ranco', 41),
(294, 'Río Bueno', 41),
(295, 'Ancud', 42),
(296, 'Castro', 42),
(297, 'Chonchi', 42),
(298, 'Curaco de Vélez', 42),
(299, 'Dalcahue', 42),
(300, 'Puqueldón', 42),
(301, 'Queilén', 42),
(302, 'Quemchi', 42),
(303, 'Quellón', 42),
(304, 'Quinchao', 42),
(305, 'Calbuco', 43),
(306, 'Cochamó', 43),
(307, 'Fresia', 43),
(308, 'Frutillar', 43),
(309, 'Llanquihue', 43),
(310, 'Los Muermos', 43),
(311, 'Maullín', 43),
(312, 'Puerto Montt', 43),
(313, 'Puerto Varas', 43),
(314, 'Osorno', 44),
(315, 'Puero Octay', 44),
(316, 'Purranque', 44),
(317, 'Puyehue', 44),
(318, 'Río Negro', 44),
(319, 'San Juan de la Costa', 44),
(320, 'San Pablo', 44),
(321, 'Chaitén', 45),
(322, 'Futaleufú', 45),
(323, 'Hualaihué', 45),
(324, 'Palena', 45),
(325, 'Aysén', 46),
(326, 'Cisnes', 46),
(327, 'Guaitecas', 46),
(328, 'Cochrane', 47),
(329, 'O\'higgins', 47),
(330, 'Tortel', 47),
(331, 'Coyhaique', 48),
(332, 'Lago Verde', 48),
(333, 'Chile Chico', 49),
(334, 'Río Ibáñez', 49),
(335, 'Antártica', 50),
(336, 'Cabo de Hornos', 50),
(337, 'Laguna Blanca', 51),
(338, 'Punta Arenas', 51),
(339, 'Río Verde', 51),
(340, 'San Gregorio', 51),
(341, 'Porvenir', 52),
(342, 'Primavera', 52),
(343, 'Timaukel', 52),
(344, 'Natales', 53),
(345, 'Torres del Paine', 53);

-- --------------------------------------------------------

--
-- Estructura de tabla para la tabla `provincias`
--

CREATE TABLE `provincias` (
  `ID_PROVINCIA` int(11) NOT NULL,
  `PROVINCIA_NOMBRE` varchar(64) NOT NULL,
  `ID_REGION` int(11) NOT NULL
) ENGINE=MyISAM DEFAULT CHARSET=utf8 COLLATE=utf8_general_ci;

--
-- Volcado de datos para la tabla `provincias`
--

INSERT INTO `provincias` (`ID_PROVINCIA`, `PROVINCIA_NOMBRE`, `ID_REGION`) VALUES
(1, 'Arica', 1),
(2, 'Parinacota', 1),
(3, 'Iquique', 2),
(4, 'El Tamarugal', 2),
(5, 'Antofagasta', 3),
(6, 'El Loa', 3),
(7, 'Tocopilla', 3),
(8, 'Chañaral', 4),
(9, 'Copiapó', 4),
(10, 'Huasco', 4),
(11, 'Choapa', 5),
(12, 'Elqui', 5),
(13, 'Limarí', 5),
(14, 'Isla de Pascua', 6),
(15, 'Los Andes', 6),
(16, 'Petorca', 6),
(17, 'Quillota', 6),
(18, 'San Antonio', 6),
(19, 'San Felipe de Aconcagua', 6),
(20, 'Valparaiso', 6),
(21, 'Chacabuco', 7),
(22, 'Cordillera', 7),
(23, 'Maipo', 7),
(24, 'Melipilla', 7),
(25, 'Santiago', 7),
(26, 'Talagante', 7),
(27, 'Cachapoal', 8),
(28, 'Cardenal Caro', 8),
(29, 'Colchagua', 8),
(30, 'Cauquenes', 9),
(31, 'Curicó', 9),
(32, 'Linares', 9),
(33, 'Talca', 9),
(34, 'Arauco', 10),
(35, 'Bio Bío', 10),
(36, 'Concepción', 10),
(37, 'Ñuble', 10),
(38, 'Cautín', 11),
(39, 'Malleco', 11),
(40, 'Valdivia', 12),
(41, 'Ranco', 12),
(42, 'Chiloé', 13),
(43, 'Llanquihue', 13),
(44, 'Osorno', 13),
(45, 'Palena', 13),
(46, 'Aisén', 14),
(47, 'Capitán Prat', 14),
(48, 'Coihaique', 14),
(49, 'General Carrera', 14),
(50, 'Antártica Chilena', 15),
(51, 'Magallanes', 15),
(52, 'Tierra del Fuego', 15),
(53, 'Última Esperanza', 15);

-- --------------------------------------------------------

--
-- Estructura de tabla para la tabla `regiones`
--

CREATE TABLE `regiones` (
  `ID_REGION` int(11) NOT NULL,
  `REGION_NOMBRE` varchar(64) DEFAULT NULL,
  `REGION_ORDINAR` varchar(4) DEFAULT NULL
) ENGINE=MyISAM DEFAULT CHARSET=utf8 COLLATE=utf8_general_ci;

--
-- Volcado de datos para la tabla `regiones`
--

INSERT INTO `regiones` (`ID_REGION`, `REGION_NOMBRE`, `REGION_ORDINAR`) VALUES
(1, 'Arica y Parinacota', 'XV'),
(2, 'Tarapacá', 'I'),
(3, 'Antofagasta', 'II'),
(4, 'Atacama', 'III'),
(5, 'Coquimbo', 'IV'),
(6, 'Valparaiso', 'V'),
(7, 'Metropolitana de Santiago', 'RM'),
(8, 'Libertador General Bernardo O\'Higgins', 'VI'),
(9, 'Maule', 'VII'),
(10, 'Biobío', 'VIII'),
(11, 'La Araucanía', 'IX'),
(12, 'Los Ríos', 'XIV'),
(13, 'Los Lagos', 'X'),
(14, 'Aysén del General Carlos Ibáñez del Campo', 'XI'),
(15, 'Magallanes y de la Antártica Chilena', 'XII');

-- --------------------------------------------------------

--
-- Estructura de tabla para la tabla `VOTACIONES`
--

CREATE TABLE `VOTACIONES` (
  `ID_VOTACION` int(10) NOT NULL,
  `NOMBRE_APELLIDO` varchar(100) DEFAULT NULL,
  `ALIAS` varchar(50) DEFAULT NULL,
  `RUT` varchar(25) DEFAULT NULL,
  `EMAIL` varchar(50) DEFAULT NULL,
  `REGION` varchar(200) DEFAULT NULL,
  `COMUNA` varchar(200) DEFAULT NULL,
  `CANDIDATO` varchar(200) DEFAULT NULL,
  `FUENTE` varchar(40) DEFAULT NULL,
  `FECHA` datetime DEFAULT NULL
) ENGINE=InnoDB DEFAULT CHARSET=utf8mb4 COLLATE=utf8mb4_general_ci;

--
-- Índices para tablas volcadas
--

--
-- Indices de la tabla `CANDIDATOS`
--
ALTER TABLE `CANDIDATOS`
  ADD PRIMARY KEY (`ID_CANDIDATO`);

--
-- Indices de la tabla `comunas`
--
ALTER TABLE `comunas`
  ADD PRIMARY KEY (`ID_COMUNA`);

--
-- Indices de la tabla `provincias`
--
ALTER TABLE `provincias`
  ADD PRIMARY KEY (`ID_PROVINCIA`);

--
-- Indices de la tabla `regiones`
--
ALTER TABLE `regiones`
  ADD PRIMARY KEY (`ID_REGION`);

--
-- Indices de la tabla `VOTACIONES`
--
ALTER TABLE `VOTACIONES`
  ADD PRIMARY KEY (`ID_VOTACION`);

--
-- AUTO_INCREMENT de las tablas volcadas
--

--
-- AUTO_INCREMENT de la tabla `CANDIDATOS`
--
ALTER TABLE `CANDIDATOS`
  MODIFY `ID_CANDIDATO` int(3) NOT NULL AUTO_INCREMENT, AUTO_INCREMENT=691;

--
-- AUTO_INCREMENT de la tabla `comunas`
--
ALTER TABLE `comunas`
  MODIFY `ID_COMUNA` int(11) NOT NULL AUTO_INCREMENT, AUTO_INCREMENT=346;

--
-- AUTO_INCREMENT de la tabla `provincias`
--
ALTER TABLE `provincias`
  MODIFY `ID_PROVINCIA` int(11) NOT NULL AUTO_INCREMENT, AUTO_INCREMENT=54;

--
-- AUTO_INCREMENT de la tabla `regiones`
--
ALTER TABLE `regiones`
  MODIFY `ID_REGION` int(11) NOT NULL AUTO_INCREMENT, AUTO_INCREMENT=16;

--
-- AUTO_INCREMENT de la tabla `VOTACIONES`
--
ALTER TABLE `VOTACIONES`
  MODIFY `ID_VOTACION` int(10) NOT NULL AUTO_INCREMENT;
COMMIT;

/*!40101 SET CHARACTER_SET_CLIENT=@OLD_CHARACTER_SET_CLIENT */;
/*!40101 SET CHARACTER_SET_RESULTS=@OLD_CHARACTER_SET_RESULTS */;
/*!40101 SET COLLATION_CONNECTION=@OLD_COLLATION_CONNECTION */;
